{
  "transmission_rate": [1, 1, 1, 1, 1, 1, 1, 1, 1, 1, 1, 1, 1, 1, 1, 1, 1],
  "incubation_rate": [0.14, 0.14, 0.14, 0.14, 0.14, 0.14, 0.14, 0.14, 0.14, 0.14, 0.14, 0.14, 0.14, 0.14, 0.14, 0.14, 0.14],
  "death_rate": [
      2.691355366562601e-05,
      2.691355366562601e-05,
      5.382710733125202e-05,
      5.382710733125202e-05,
      8.074066099687803e-05,
      0.0002960490903218861,
      0.00024222198299063408,
      0.0006728388416406502,
      0.0008343201636344063,
      0.0008612337173000323,
      0.0013725912369469265,
      0.0015609861126063085,
      0.002987404456884487,
      0.0027182689202282268,
      0.002879750242221983,
      0.0022069114005813326,
      0.002583701151900097
  ],
  "recovery_rate": [
      0.012676283776509851,
      0.020131338141888253,
      0.030170093659166758,
      0.038863171493163956,
      0.10520508127893206,
      0.14640973194100548,
      0.13459468188179569,
      0.10539347615459145,
      0.0830821401657875,
      0.0693293142426526,
      0.06475401011949618,
      0.05393476154591452,
      0.04300785875767036,
      0.030008612337173002,
      0.021477015825169556,
      0.010684680805253526,
      0.010819248573581656
  ],
  "average_infectious_period": 13.4,
  "wearing_mask": 1,
  "wearing_mask_protection": 0.65,
  "social_distancing": 0.7,
  "social_distancing_protection": 0.65,
  "agent_movement_range": 10
}